{
    "loss": 7.6691436767578125,
    "accuracy": 0.8201438784599304
}